{
  "config": {
    "optimizer_type": "cobyla",
    "ansatz_type": "real_amplitudes",
    "ansatz_reps": 2,
    "coupling_strength": 0.5,
    "transverse_field": 0.5,
    "max_iter": 100,
    "n_qubits": 8,
    "backend": "aer_statevector"
  },
  "seed": 42,
  "experiment_id": "VQE_PHASE2_cobyla_reps2_g0.5_h0.5_s42",
  "accuracy": 0.69,
  "f1_score": 0.6656239887822241,
  "delta_E": 1.1048444158228143,
  "var_intra_class0": 35.863438266094434,
  "var_intra_class1": 32.28053893481813,
  "cohens_d": 0.0436842945177907,
  "p_value_ttest": 0.8292620948537243,
  "p_value_permutation": 0.8401598401598401,
  "training_time_s": 1.349,
  "inference_time_s": 0.94,
  "vqe_energies": {
    "0": -20.869005824781034,
    "1": -20.627625039844865
  },
  "model_path": "/home/leonardomaximinobernardo/My_projects/Quantum_AgriClassifier_QAC/models/vqe_classifier_VQE_PHASE2_cobyla_reps2_g0.5_h0.5_s42.pkl",
  "model_hash": "695aa31b1a916419efacacbd717a60c34c3e78345cbcbbe27f08f47e79dd6098",
  "convergence": true,
  "status": "COMPLETED",
  "error": null
}