{
  "config": {
    "optimizer_type": "L-BFGS-B",
    "ansatz_type": "real_amplitudes",
    "ansatz_reps": 4,
    "coupling_strength": 0.5,
    "transverse_field": 0.5,
    "max_iter": 100,
    "n_qubits": 8,
    "backend": "aer_statevector"
  },
  "seed": 42,
  "experiment_id": "VQE_PHASE2_L-BFGS-B_reps4_g0.5_h0.5_s42",
  "accuracy": 0.49,
  "f1_score": 0.4899489948994899,
  "delta_E": 0.2739069337141409,
  "var_intra_class0": 38.13291220140974,
  "var_intra_class1": 35.881463550927144,
  "cohens_d": 0.14214302638000487,
  "p_value_ttest": 0.48336911991138937,
  "p_value_permutation": 0.4905094905094905,
  "training_time_s": 49.309,
  "inference_time_s": 1.423,
  "vqe_energies": {
    "0": -24.473941332128042,
    "1": -24.241161382445853
  },
  "model_path": "/home/leonardomaximinobernardo/My_projects/Quantum_AgriClassifier_QAC/models/vqe_classifier_VQE_PHASE2_L-BFGS-B_reps4_g0.5_h0.5_s42.pkl",
  "model_hash": "ae895c85a231c0c5b887e76294a6deee0ef48620d245365d7c2239e20c796eb6",
  "convergence": true,
  "status": "COMPLETED",
  "error": null
}