{
  "config": {
    "optimizer_type": "cobyla",
    "ansatz_type": "real_amplitudes",
    "ansatz_reps": 2,
    "coupling_strength": 0.5,
    "transverse_field": 0.5,
    "max_iter": 100,
    "n_qubits": 8,
    "backend": "aer_statevector"
  },
  "seed": 123,
  "experiment_id": "VQE_PHASE2_cobyla_reps2_g0.5_h0.5_s123",
  "accuracy": 0.65,
  "f1_score": 0.6457131288591964,
  "delta_E": 0.8107768397203827,
  "var_intra_class0": 21.66834583612414,
  "var_intra_class1": 24.359334011394346,
  "cohens_d": 0.43335203113227666,
  "p_value_ttest": 0.03443451782649162,
  "p_value_permutation": 0.027972027972027972,
  "training_time_s": 1.261,
  "inference_time_s": 0.814,
  "vqe_energies": {
    "0": -19.629527772299664,
    "1": -20.341964715400465
  },
  "model_path": "/home/leonardomaximinobernardo/My_projects/Quantum_AgriClassifier_QAC/models/vqe_classifier_VQE_PHASE2_cobyla_reps2_g0.5_h0.5_s123.pkl",
  "model_hash": "600194149dec93b6e259231731e4c5056be8aebbe6dc051c5619daa0d636eeb6",
  "convergence": true,
  "status": "COMPLETED",
  "error": null
}