{
  "config": {
    "optimizer_type": "cobyla",
    "ansatz_type": "real_amplitudes",
    "ansatz_reps": 2,
    "coupling_strength": 0.5,
    "transverse_field": 0.5,
    "max_iter": 100,
    "n_qubits": 8,
    "backend": "aer_statevector"
  },
  "seed": 7,
  "experiment_id": "VQE_PHASE2_cobyla_reps2_g0.5_h0.5_s7",
  "accuracy": 0.72,
  "f1_score": 0.7181964573268921,
  "delta_E": 0.05211843253712445,
  "var_intra_class0": 36.31088749921262,
  "var_intra_class1": 34.90059607769657,
  "cohens_d": 0.1563425108884312,
  "p_value_ttest": 0.4408795318217088,
  "p_value_permutation": 0.44255744255744256,
  "training_time_s": 1.314,
  "inference_time_s": 0.944,
  "vqe_energies": {
    "0": -21.738177447189337,
    "1": -19.712422405093296
  },
  "model_path": "/home/leonardomaximinobernardo/My_projects/Quantum_AgriClassifier_QAC/models/vqe_classifier_VQE_PHASE2_cobyla_reps2_g0.5_h0.5_s7.pkl",
  "model_hash": "a752142d80bd0f1ece17a2ae5cc3ed6ae2327bb735cb969600245e95195a5fce",
  "convergence": true,
  "status": "COMPLETED",
  "error": null
}