{
  "config": {
    "optimizer_type": "L-BFGS-B",
    "ansatz_type": "real_amplitudes",
    "ansatz_reps": 4,
    "coupling_strength": 0.5,
    "transverse_field": 0.5,
    "max_iter": 100,
    "n_qubits": 8,
    "backend": "aer_statevector"
  },
  "seed": 7,
  "experiment_id": "VQE_PHASE2_L-BFGS-B_reps4_g0.5_h0.5_s7",
  "accuracy": 0.71,
  "f1_score": 0.7033248081841432,
  "delta_E": 2.8751700398314526,
  "var_intra_class0": 69.89266519778113,
  "var_intra_class1": 41.65321634080695,
  "cohens_d": 0.3115639200131795,
  "p_value_ttest": 0.12646322655119535,
  "p_value_permutation": 0.13286713286713286,
  "training_time_s": 61.991,
  "inference_time_s": 1.362,
  "vqe_energies": {
    "0": -24.308551023068336,
    "1": -24.138963292712237
  },
  "model_path": "/home/leonardomaximinobernardo/My_projects/Quantum_AgriClassifier_QAC/models/vqe_classifier_VQE_PHASE2_L-BFGS-B_reps4_g0.5_h0.5_s7.pkl",
  "model_hash": "f185d94fd01f2569ed6297b4aca93213b59745de787527ef0cb30b0af5ad1653",
  "convergence": true,
  "status": "COMPLETED",
  "error": null
}