{
  "config": {
    "optimizer_type": "L-BFGS-B",
    "ansatz_type": "real_amplitudes",
    "ansatz_reps": 4,
    "coupling_strength": 0.5,
    "transverse_field": 0.5,
    "max_iter": 100,
    "n_qubits": 8,
    "backend": "aer_statevector"
  },
  "seed": 123,
  "experiment_id": "VQE_PHASE2_L-BFGS-B_reps4_g0.5_h0.5_s123",
  "accuracy": 0.58,
  "f1_score": 0.5784825371336813,
  "delta_E": 0.6210140948223852,
  "var_intra_class0": 37.511193463810564,
  "var_intra_class1": 32.165580954485755,
  "cohens_d": 0.23049583198902185,
  "p_value_ttest": 0.2567098337982615,
  "p_value_permutation": 0.2647352647352647,
  "training_time_s": 60.786,
  "inference_time_s": 2.813,
  "vqe_energies": {
    "0": -24.353942807982246,
    "1": -24.288152109923203
  },
  "model_path": "/home/leonardomaximinobernardo/My_projects/Quantum_AgriClassifier_QAC/models/vqe_classifier_VQE_PHASE2_L-BFGS-B_reps4_g0.5_h0.5_s123.pkl",
  "model_hash": "0377047ded56a4804bdb162f455b62fbfcc3facfc4b3caec09c476df6902eea5",
  "convergence": true,
  "status": "COMPLETED",
  "error": null
}