{
  "config": {
    "optimizer_type": "spsa",
    "ansatz_type": "real_amplitudes",
    "ansatz_reps": 2,
    "coupling_strength": 0.5,
    "transverse_field": 0.5,
    "max_iter": 100,
    "n_qubits": 8,
    "backend": "aer_statevector"
  },
  "seed": 42,
  "experiment_id": "VQE_PHASE2_spsa_reps2_g0.5_h0.5_s42",
  "accuracy": 0.56,
  "f1_score": 0.45436507936507936,
  "delta_E": 6.5363412779318795,
  "var_intra_class0": 4.656391952922788,
  "var_intra_class1": 9.915164255618253,
  "cohens_d": 2.7626502073378876,
  "p_value_ttest": 2.3410351575948822e-23,
  "p_value_permutation": 0.000999000999000999,
  "training_time_s": 1.45,
  "inference_time_s": 0.986,
  "vqe_energies": {
    "0": -5.714292582454921,
    "1": -11.421112515545476
  },
  "model_path": "/home/leonardomaximinobernardo/My_projects/Quantum_AgriClassifier_QAC/models/vqe_classifier_VQE_PHASE2_spsa_reps2_g0.5_h0.5_s42.pkl",
  "model_hash": "5c938e2d23500441e46d2b49007a893718066c77f8525f86a633fed1a7460105",
  "convergence": true,
  "status": "COMPLETED",
  "error": null
}