{
  "config": {
    "optimizer_type": "L-BFGS-B",
    "ansatz_type": "real_amplitudes",
    "ansatz_reps": 6,
    "coupling_strength": 0.5,
    "transverse_field": 0.5,
    "max_iter": 100,
    "n_qubits": 8,
    "backend": "aer_statevector"
  },
  "seed": 7,
  "experiment_id": "VQE_PHASE2_L-BFGS-B_reps6_g0.5_h0.5_s7",
  "accuracy": 0.65,
  "f1_score": 0.6491228070175439,
  "delta_E": 0.08730583424934935,
  "var_intra_class0": 36.667676700815626,
  "var_intra_class1": 32.70116080396442,
  "cohens_d": 0.22414979776648475,
  "p_value_ttest": 0.2699450515909835,
  "p_value_permutation": 0.2777222777222777,
  "training_time_s": 75.495,
  "inference_time_s": 1.18,
  "vqe_energies": {
    "0": -24.388695044949692,
    "1": -24.024320030152047
  },
  "model_path": "/home/leonardomaximinobernardo/My_projects/Quantum_AgriClassifier_QAC/models/vqe_classifier_VQE_PHASE2_L-BFGS-B_reps6_g0.5_h0.5_s7.pkl",
  "model_hash": "f684c1caa266ec5c6ee16cbe77a849c133e19df9880a968667118b2da0aa704a",
  "convergence": true,
  "status": "COMPLETED",
  "error": null
}